index,feature_name,description
1,layer_name,"Признак: layer_name  
Описание: Имя стратиграфической или литологической пачки горных пород, используемое для идентификации конкретного геологического слоя, характеризующего определенный интервал разреза. Выражается строковым значением (например, имя горизонта, формации). Признак важен для классификации и систематизации нефтегазовых объектов, обеспечения однозначной привязки разрезов скважин и корреляции отложений между различными скважинами и площадями."
2,layer_path,"Признак: layer_path  
Описание: Маршрутный путь распространения отдельных литолого-стратиграфических слоев в трехмерной модели геологической среды, отражающий пространственное распределение и геометрию слоев. Представлен в виде списка координат (XYZ), определяющих местоположение границ каждого стратиграфического горизонта. Единицы измерения — метры. Данный признак необходим для моделирования и визуализации структурных и тектонических особенностей, а также изучения потенциальных зон нефтегазонакопления и прогноза распределения запасов углеводородов."
3,layer_type,"Признак: layer_type  
Описание: Тип геологического слоя — классификационная характеристика слоя, отражающая его литологическое строение, структурную принадлежность и физико-химические свойства. Указывается тип породы (песчаник, аргиллит, известняк и др.) или другие признаки (аккумуляция осадков, тектонические нарушения). Единицы измерения отсутствуют. Данный признак важен для анализа нефтегазоносности, поскольку позволяет дифференцировать потенциальные продуктивные горизонты и понимать геологическую обстановку района исследований."
4,geometry_type,"Геологический признак **geometry_type** определяет тип геометрической формы геологического тела (коллектора, покрышки, источника углеводородов), представленного в трехмерной модели месторождения нефти и газа. Тип геометрии (сферическая, цилиндрическая, пластовая, куполовидная и др.) фиксируется в виде цифровой кодировки и применяется для классификации формальных особенностей коллекторов и оценки потенциальной продуктивности объектов. Единицы измерения отсутствуют. Знание типа геометрии коллектора критично для понимания гидродинамических свойств резервуара, распределения пористости и проницаемости, прогноза запасов углеводородов и разработки эффективных методов эксплуатации месторождений."
5,lon,"Признак: lon

Описание: Широта географического положения точки наблюдений, выраженная в градусах северной или южной широты относительно экватора Земли. Применяется для описания пространственного распределения геологических объектов и месторождений в Каспийском море. Важный элемент картографирования и позиционирования структур, связанных с нефтегазовыми ресурсами.
Единицы измерения: градусы (°).  
Значение важно для оценки регионального распространения литолого-стратиграфических комплексов, перспективности площадей и учета особенностей тектоники региона."
6,lat,"Признак: lat

Описание: Широта — географическая координата, указывающая положение точки относительно экватора Земли в градусах северной или южной широты. В нефтегазовой геологии Каспийского моря широта (lat) применяется для описания пространственного положения исследуемых объектов, скважин и пластов, позволяя точно определить их местоположение и взаиморасположение. Единица измерения — градусы (°). Широта важна для корректной интерпретации результатов сейсморазведки, картирования месторождений и определения оптимальных направлений бурения."
7,feature_id,"Feature_id — уникальный идентификатор геологического объекта или слоя, используемый для однозначной идентификации структур, формаций, горизонтов или отложений в базе данных. Выражается целым числом. Признак необходим для организации эффективной работы с большим объемом данных, обеспечения целостности и корректности ссылок между различными таблицами баз данных, а также упрощения поиска и классификации объектов исследования. Важность данного признака обусловлена необходимостью точной фиксации пространственного положения и характеристик каждого исследуемого элемента геологической среды."
8, PWD,"PWD (Pressure While Drilling)  
**Описание:** Глубинная запись технологических параметров бурения скважины во время её проходки, включающая изменения давления столба бурового раствора, порового давления пласта и гидростатического давления.  
**Единицы измерения:** Бар, Па, кгс/см².  
**Значение:** Позволяет оперативно отслеживать параметры бурения, выявлять аномалии пластовых давлений, контролировать целостность стенок ствола скважины и прогнозировать места возможной продуктивности. Является важным индикатором для оптимизации процесса бурения и повышения эффективности поиска и добычи углеводородов."
9,BEREG_N_ID,"Признак: BEREG_N_ID  
Описание: Уникальный идентификатор береговой линии (BEREG), используемый для привязки геологических слоев к конкретной точке побережья Каспийского моря. Указывается в виде числового идентификатора, соответствующего координатам береговой зоны. Необходим для точного позиционирования коллектора и определения прибрежной среды, влияющей на формирование коллекторских свойств и нефтегазоносность пласта.  
Единицы измерения: числовой идентификатор  
Значение признака важно для изучения распределения запасов углеводородов вдоль береговой полосы и оценки влияния гидродинамических процессов на коллекторские свойства."
10,Cорг,"Признак: «Сорг, %»
Описание: Содержание органического углерода (Carbon Organic, Сорг) в породе — показатель количества органического вещества, имеющего потенциал генерировать углеводороды. Выражается в процентах (%). Повышенные значения Сорг (обычно >0.5–1%) свидетельствуют о благоприятных условиях для образования нефти и газа. Признак применяется для оценки потенциальной нефтегазоносности отложений, особенно в осадочных бассейнах типа Каспийского моря."
11,"Cорг,%","Сорг,% — содержание органического углерода в осадочных породах, измеряемое в процентах (%). Определяет потенциальную способность породы генерировать углеводороды (нефть, природный газ), служит важным показателем нефтегазоносности. Высокий уровень содержания органического углерода (обычно ≥0.5–1.0%) свидетельствует о наличии нефтематеринских пород, способных накапливать и формировать запасы углеводородов. В Каспийском море применяется для оценки перспектив нефте- и газогенерации в осадочном чехле региона."
12,Data,"Признак: Data  
Описание: В контексте геологии Каспийского моря признак «Data» относится к набору количественных и качественных характеристик геологических объектов, используемых для интерпретации и моделирования нефтегазовых коллекторов и покрышек. Включает данные о составе пород, пористости, проницаемости, литологическом типе, толщине пласта и структурной характеристике. Единицы измерения варьируются в зависимости от параметра (проценты, метры, удельные сопротивления). Признак важен для корректной оценки потенциальных запасов углеводородов и обоснования решений по разработке месторождений."
13,Domain,"Признак: Domain

Определение: Домен — характеристика тектонического строения участка земной коры, определяющая особенности распределения осадочных толщ и нефтегазоносность региона. 

Единицы измерения: Не используются (качественная оценка).

Значение: Оценивает тектонические границы структур, наличие разрывных нарушений, антиклинали и синклинали, влияющие на распределение коллекторов и ловушек углеводородов. Признак необходим для выделения перспективных площадей и обоснования выбора направлений бурения.

Важность: Позволяет определить зоны потенциальной нефтегазоносности, предсказывать наличие скоплений углеводородов и оптимизировать выбор местоположения разведочных скважин."
14,G,"Признак: G

Описание: Градиент потенциала естественного электрического поля (G), измеряемый в мВ/м, отражает распределение потенциалов в земной коре и служит индикатором аномальных зон, связанных с нефтегазовыми коллекторами. Признак широко применяется в электроразведке для поиска структур, благоприятных для скопления углеводородов, определения глубины залегания коллекторов и прогноза продуктивности нефтеносных горизонтов. Высокая величина градиента свидетельствует о наличии трещиноватых, проницаемых пород, содержащих потенциальный резервуар нефти или газа."
15,HF,"Признак: HF  
Описание: Индекс хрупкости породы (HF), характеризующий уровень трещиноватости и деформируемости горных пород. Определяется через показатели изменения акустической жесткости или деформационных свойств образцов породы при механических воздействиях. Единицы измерения — условный индекс (баллы). Важен для оценки литологической природы коллектора, его фильтрационно-емкостных характеристик и прогноза продуктивности пластов."
16,HI,"**Признак:** HI  
**Описание:** Индекс гидрофильности (HI) — количественный показатель способности породы поглощать воду и насыщаться водными флюидами. Вычисляется путем анализа распределения порового пространства и структуры пустотного пространства. Единицы измерения отсутствуют, выражается числом условной шкалы. 

Высокий индекс гидрофильности характерен для глинистых пород и свидетельствует о высоком содержании водоносных минералов, снижении проницаемости и ухудшении коллекторских свойств. Низкий индекс указывает на меньшую водопроницаемость и потенциальную нефтегазоносность коллектора. В нефтегазовой геологии значение индекса гидрофильности применяется для прогноза эффективной нефтенасыщенности пластов и определения оптимальных зон для разработки месторождений."
17,Hf,"Признак: Hf  
Описание: 
Изотопный состав гафния (Hafnium isotope ratio), определяемый соотношением стабильных изотопов Hf-176/Hf-177, применяется для реконструкции процессов седиментации, литогенеза и тектоники осадочных бассейнов. Отражает геохимические особенности материнских пород и древних океанов, помогает уточнить возраст и историю развития геологической среды. В нефтегазовой геологии широко используется для изучения возраста пород-коллекторов, идентификации палеоокеанических обстановок и корреляции отложений, что важно для прогноза нефтегазоносности и выбора эффективных методов разведки и добычи углеводородов. Единицы измерения — весовые проценты (‰)."
18,Image,"**Признак:** Image  
**Описание:** 
Изображение (Image) — цифровой файл, содержащий визуальную информацию о структуре, составе и распределении свойств геологической среды (в основном, изображений акустической, электромагнитной и сейсмической разведки). Представляется в формате растровых или векторных графиков, часто использующихся для интерпретации и картирования нефтегазоносных объектов. В нефтегазовой геологии применяется преимущественно в сейсморазведке и сейсмокаротажных исследованиях. Не имеет единиц измерения, так как является формой представления данных, а не физического параметра.  
**Важность:** Способствует визуализации неоднородностей геологической среды, выявлению перспективных зон скопления углеводородов и определению границ резервуаров, что критично для проектирования поисковых и разведочных работ."
19,Name,"Название: **Фракционный состав обломочных зерен**

Описание: 
Представляет собой количественное распределение обломочного материала различных фракций (размеров частиц) в породе. Выражается в массовых долях (%). Важен для определения коллекторских свойств породы, прогноза пористости и проницаемости, а также диагностики литолого-петрографических типов отложений. Фракционный состав применяется при оценке перспектив нефте- и газонакопления и при проектировании методов интенсификации добычи углеводородов.

Единицы измерения: % (массовая доля)

Значение: Признак отражает способность коллектора накапливать и транспортировать углеводороды, позволяя оценить перспективы нефтеносности или газоносности конкретного участка морского шельфа."
20,O,"Признак: O

Описание: 
Параметр O обозначает объем порового пространства породы, измеряемый в процентах объема породы. В нефтегазовой геологии объем пор характеризует способность коллектора накапливать и сохранять нефть и газ. Высокая величина параметра O (обычно ≥15–20%) свидетельствует о хорошей коллекторской способности пород, необходимой для эффективной добычи углеводородов. Этот признак является важным индикатором нефтегазоносности пласта и широко применяется при оценке перспектив продуктивности скважин и проектировании разработки месторождений."
21,"P пл,МПа","Признак: Pпл, МПа  
Описание: Пластовое давление (Pпл), измеряемое в мегапаскалях (МПа), представляет собой давление насыщенных углеводородов внутри продуктивного пласта горных пород. Это критический параметр для оценки потенциальных запасов нефти и газа, а также влияния условий залегания на поведение флюидов. Низкий уровень пластового давления свидетельствует о возможной дегазации или истощении месторождения, тогда как высокое давление увеличивает риск гидроразрыва пласта и осложнений при добыче. Анализ значений Pпл необходим для обоснования стратегии разработки месторождений и выбора оптимального способа эксплуатации."
22,PI,"Признак: PI  
Описание: Показатель пористости (PI), измеряемый в процентах (%), характеризует долю пустотного пространства в горной породе, заполненного флюидами (нефтью, газом, водой). Важный индикатор нефте- и газонасыщенности коллектора, используемый для оценки перспектив нефтегазоносности и эффективности разработки месторождений. Высокий уровень пористости (обычно ≥15–20%) свидетельствует о хороших условиях накопления углеводородов."
23,PWD,"Признак PWD (well depth)  
Определение: Параметр, характеризующий глубину скважины относительно устья или нулевого отсчета.  
Единицы измерения: Метры (м).  
Значение: Важный параметр для определения глубины залегания пласта, расчета интервалов отбора керна, оценки эксплуатационных характеристик скважины и сопоставления результатов бурения различных участков месторождения.  
Значимость: Позволяет оценить запасы углеводородов, определить оптимальные места установки оборудования и выявить наиболее перспективные горизонты для добычи нефти и газа."
24,Pg,"Признак: Pg  
Описание: Потенциальная нефтенасыщенность породы (Pg), выраженная в долях единицы (безразмерный коэффициент). Определяет долю порового пространства коллектора, занятого нефтью. Является ключевым параметром для оценки коллекторских свойств пород и прогноза запасов нефти. Высокая Pg свидетельствует о хороших условиях накопления и сохранения углеводородов."
25,R0,"Признак: **R0**

Описание: Относительная электрическая сопротивляемость (R0) — это отношение электрического сопротивления керна образца породы к удельному сопротивлению пресной воды, используемое для оценки пористости, насыщенности углеводородами и определения перспектив нефтегазоносности пласта. Выражается в относительных единицах безразмерной шкалы (без единиц). Высокие значения R0 свидетельствуют о низкой пористости и высокой насыщенности нефтью или газом, низкие значения — о повышенной пористости и возможной водонасыщенности.

Почему важен: R0 играет ключевую роль в интерпретации результатов каротажа скважин и является одним из основных критериев отбора целевых горизонтов при разведке и разработке месторождений нефти и газа.

Расшифровка аббревиатуры: R0 = Relative resistivity"
26,"Rо,%","Признак: Ro,%
Описание: Относительная отражательная способность витринита (Ro), измеряемая в процентах, является ключевым показателем зрелости битуминозного органического вещества в кернах геологических образцов. Она отражает степень термического преобразования органики под действием температуры и давления, влияя на нефтегазообразующие свойства породы. Рост значений Ro свыше 0.7–1.0% указывает на начало процессов нефтепроизводства, тогда как Ro > 1.3% соответствует стадии образования газов. Данный признак широко применяется для предварительной оценки перспектив нефтеносности и прогноза нефтегазоносности коллекторов в нефтегазовой геологии."
27,"T пл,С","Признак T пл,С  
Описание: Температурный порог плавления минералов (T пл), измеряемый в градусах Цельсия (°C). Характеризует температуру начала фазового перехода минеральной фазы породы из твердого состояния в жидкое, определяя стабильность минеральных зерен и пластовых флюидов. Применим для оценки термобарических условий формирования месторождений углеводородов и стабильности коллекторов в условиях осадочного бассейна Каспийского моря.  
Значение: Важен для понимания температурных режимов осадочных бассейнов и определения зон возможной миграции и накопления углеводородов."
28,TR,"Признак TR
Описание: Тепловой индекс ROSENBORG (TR), используемый для количественной оценки термического созревания битуминозных сланцев и органического вещества в осадочных породах нефтегазовых бассейнов. Представляет собой комплексный показатель, объединяющий температуру и продолжительность теплового воздействия на органическое вещество, измеряемый в условных единицах (ROSENBORG units). Позволяет прогнозировать потенциал нефтегазоносности отложений, наличие и тип углеводородов (нефть, природный газ).

Единицы измерения: условные единицы ROSENBORG (ROSENBORG units)
Значение признака важно для нефтегазовой геологии, поскольку отражает уровень зрелости органического вещества, определяющий возможность образования углеводородов и потенциальную нефтеотдачу пласта."
29,Tmax,"Признак Tmax  
Описание: Температура максимальной эффективности термического катализа битуминозной части керогена (битумов), измеряемая в градусах Цельсия (°C). Указывает температуру, при которой происходит максимальная глубина преобразований органического вещества в керогене, способствуя выделению углеводородов. Является ключевым параметром для прогноза нефтегенерационной способности материнских пород и определения перспектив нефтегазоносности.
   
Единицы измерения: °C  
Значение: Чем выше значение Tmax, тем большая вероятность наличия значительных запасов нефти и газа в исследуемом слое."
30,X,"Признак: «**Сплошность нефтенасыщенности**, %»
  
Описание: Сплошность нефтенасыщенности — относительный показатель степени заполнения порового пространства коллектора жидкими углеводородами, выраженный в процентах. Оценивает долю нефтенасыщенных пор относительно общего объема пустотного пространства породы-коллектора. 
   
Единица измерения: проценты (%).

Значение данного показателя важно при оценке нефтегазоносности пласта, поскольку высокая сплошность позволяет эффективно извлекать углеводороды из коллектора. Низкая сплошность затрудняет фильтрационные процессы и снижает потенциальную продуктивность месторождения.

Признак используется в разрезах нефтяных горизонтов и коллекторов для количественной характеристики насыщенности пород углеводородами и прогнозирования эксплуатационных характеристик скважины."
31,Y,"Признак: Y

Описание: Геологический признак Y применяется для описания литолого-стратиграфической характеристики геологических слоев Каспийского региона, связанных с нефтегазовой геологией. Представляет собой относительный индекс, характеризующий тип породы и её петрофизические свойства, влияющие на нефте- и газонакопление. Единицы измерения отсутствуют. Признак важен для дифференциации продуктивных и непроницаемых горизонтов, прогноза коллекторских свойств и определения перспектив нефтегазоносности изучаемых отложений."
32,id,"Признак: id  
Описание: Уникальный идентификатор записи в базе данных геологических слоев Каспийского моря, предназначенный для однозначной идентификации каждого геологического элемента. Не имеет единиц измерения. Признак необходим для обеспечения целостности данных и корректного проведения статистической обработки и корреляций между различными геологическими объектами."
33,АВПД,"АВПД — аномалия вертикального градиента давления, характеризующаяся отклонением от нормального гидростатического распределения пластового давления. Выражается в мегапаскалях (МПа). Применяется для выявления зон аномально высокого давления, указывающих на возможные скопления углеводородов, особенно при разведке и оценке перспектив нефтегазоносности осадочных бассейнов, включая Каспийское море. АВПД является важным индикатором наличия скоплений нефти и газа в глубоких горизонтах, позволяя корректировать стратегию бурения и разработку месторождений."
34,Ад УВ,"Признак: «Ад УВ»
Описание: Адсорбционная емкость (Ад УВ) — объем адсорбированных углеводородов (УВ), приходящийся на единицу массы породы, измеряется в кубических сантиметрах на грамм (см³/г). Определяет общую емкость адсорбционного пространства коллектора, влияющую на удерживающую способность пласта относительно УВ. Высокое значение Ад УВ характерно для коллекторов с развитым поровым пространством и низким водонасыщением, указывая на потенциальную нефте- или газоемкость. Важна для оценки потенциальных запасов углеводородов и прогнозирования продуктивности скважин."
35,Ад г.,"Признак: «Ад г.»

Описание: Ад г. — абсолютная глубина скважины до кровли исследуемого пласта, измеряемая в метрах от устья скважины. Является критическим параметром при оценке запасов углеводородов, расчете дебитов скважин и выборе оптимальных технологических решений для разработки месторождений. Глубинные параметры позволяют уточнить геологическое строение объектов, прогнозировать изменение свойств коллекторов и определять направления дальнейших исследований."
36,Ад н.,"Признак: «Ад н.»

Описание: Ад н. (от англ. «API degree of net pay») — коэффициент открытой пористости проницаемых коллекторских горизонтов, выраженный в единицах API (Американский институт нефти). Применим исключительно к нефтеносным и газоносным коллекторам. Используется для оценки эффективности нефтегазонакопления и прогноза запасов углеводородов. Чем выше значение Ад н., тем лучше коллекторские свойства породы и перспективнее объект для разработки. 

Единицы измерения: API.  
Почему важен: Ад н. позволяет объективно оценить потенциал продуктивности пласта и количественно сравнить различные объекты, выявленные в процессе разведки месторождений."
37,Взрыв,"Признак: Взрыв  
Описание: В контексте нефтегазовой геологии взрыв обозначает геологическое событие, характеризующееся резким высвобождением энергии внутри горной породы вследствие естественных процессов (терморазрыв, ударная волна). Обычно фиксируется при сейсмическом профилировании и отражает наличие разрывных нарушений, трещин или зон пониженного сопротивления, связанных с потенциальными коллекторами углеводородов. Единица измерения — секунда (с), реже — микросекунда (мкс). Признак важен для оценки характера трещиноватости, проницаемости и потенциальных путей миграции углеводородов."
38,Во-ст,"Признак: «Во-ст»

Описание: Во-ст (водо-нефтяной контакт, ВНК) — граница раздела между насыщенной водой частью продуктивного горизонта и нефтенасыщенным пластом-коллектором. Отмечается в метрах относительно опорной отметки, например абсолютной высоты (АХ). Определение положения ВНК важно для расчёта запасов нефти, построения моделей вытеснения воды и прогноза добычи углеводородов.

Единица измерения: м

Значение: Позволяет оценивать запасы нефти, оптимизировать разработку месторождений, определять границы зон естественного заводнения и прогнозировать динамику изменения водонефтяного фактора. Определение точного положения ВНК влияет на выбор технологии разработки и эффективность извлечения нефти."
39,Возра,"Возра — возраст отложений (возрастная характеристика), выраженный в млн лет (млн.л.). Возраст геологических образований является важным фактором прогноза нефтегазоносности, определяющим зрелость органических веществ, присутствующих в породах, особенности литологии, фильтрационно-емкостные свойства коллекторов и тектоническую обстановку региона. Знание возраста позволяет корректно интерпретировать данные сейсморазведки, проводить корреляцию разрезов и устанавливать взаимосвязи между продуктивными горизонтами и условиями накопления углеводородов."
40,Возраст,"Признак: Возраст  
Описание: Возраст геологического слоя или объекта определяется временной характеристикой, отражающей положение слоя относительно хронологической шкалы геологического времени. В нефтегазовой геологии возраст служит ключевым параметром для интерпретации условий осадконакопления, палеоклиматических обстановок и потенциальной нефтегазоносности отложений. Возраст измеряется в миллионах лет (млн.л.) и выражается относительными терминами (ранний, средний, поздний этапы геологического развития). Определение возраста позволяет правильно интерпретировать пространственное распределение нефтеносных горизонтов и планировать разведочное бурение."
41,ГАУС,"Признак: ГАУС

Описание: Газосодержащая автохтонная толща (ГАУС), используемый индекс для характеристики нефтегазоносных отложений Каспийского региона. Представляет собой региональную геологическую формацию, сформированную внутри единой области осадконакопления, характеризующуюся однородностью литолого-стратиграфической природы и генетически связанной с материнской толщей, содержащей запасы углеводородов. Единицы измерения — процент содержания углеводородов (%). Важность данного показателя обусловлена возможностью определения потенциальных запасов нефти и газа, прогнозирования продуктивности скважин и выбора перспективных зон для разведки и добычи углеводородов."
42,Геол.,"**Геол.**  
Стратиграфическое положение геологического слоя относительно опорной стратиграфической шкалы (интервал, формация, свита). Единицы измерения — метры, глубина. Признак необходим для определения возраста, положения и границ изучаемых горизонтов, анализа соотношения пород-коллекторов и покрышек, выявления потенциальных ловушек углеводородов, прогноза продуктивности скважин и выбора оптимальных направлений для бурения."
43,Гл-на,"Признак: Гл-на  
Описание: Глубинная отметка нефтеносной зоны — числовое значение глубины залегания верхней границы нефтенасыщенного пласта относительно условного начала отсчета (чаще всего относительной отметки уровня моря). Единица измерения — метры. Данный признак применяется для количественной оценки пространственного положения продуктивных горизонтов и позволяет определять оптимальные места заложения разведочных и эксплуатационных скважин, анализировать геологическое строение осадочного бассейна и прогнозировать объемы запасов углеводородов."
44,Глуб.,"Глуб. (глубина), м  
Глубина погружения геологического пласта или объекта относительно уровня моря или земной поверхности. Данный признак является критическим фактором при оценке коллекторских свойств пород, прогнозировании нефтегазоносности и выборе местоположения буровых работ. Глубина измеряется в метрах и оказывает значительное влияние на температуру, давление и состав флюидов в коллекторах. Чем глубже залегает продуктивный горизонт, тем чаще возрастают температура и давление, что способствует увеличению нефтегазоносности и улучшению качества углеводородов."
45,Глуби,"Глуби, м  
Глубины залегания отдельных геологических горизонтов или объектов относительно поверхности дна Каспийского моря. Указываются в метрах от среднего уровня моря и являются важным параметром для определения условий осадконакопления, литолого-стратиграфической характеристики разреза, а также выбора оптимальных местоположений разведочных и эксплуатационных скважин."
46,Глубина,"Признак: Глубина  
Описание: Глубина — показатель положения геологического слоя относительно опорной точки (обычно поверхность Земли или уровень моря). В нефтегазовой геологии служит критическим параметром для понимания условий осадконакопления, литологической обстановки, тектоники и перспектив нефтегазоносности участка. Единица измерения — метры (м). Высокая точность глубины важна для обоснования выбора местоположения разведочных и эксплуатационных скважин, прогноза структурных формирований и определения оптимальных глубин бурения."
47,"Глубина,м","Глубина, м  
Геологический признак, характеризующий расстояние от поверхности до нижней границы исследуемого геологического слоя или объекта, измеряемое в метрах. Глубина является ключевым параметром для понимания термобарических условий формирования осадочных пород, прогноза залежей углеводородов и проектирования разработки месторождений нефти и газа. Позволяет оценить глубину проникновения зон трещиноватости, степень воздействия тектонических процессов и температурных градиентов на нефтеотдачу пластов."
48,Год,"Признак: «Год»
Описание: Год — временной интервал, характеризующий возраст геологического слоя или события, фиксируемый посредством абсолютной датировки методами радиоизотопного анализа (урана-свинца, аргона-калия, рубидия-стронция и др.). Выражается в годах назад (лет до н.э., млн лет). В нефтегазовой геологии применяется для определения возраста пород, установления временных границ нефтегазоносных горизонтов и корреляции разрезов между различными скважинами и площадями. Важность признака обусловлена необходимостью корректного стратиграфического расчленения разреза и выявления закономерностей осадконакопления, влияющих на накопление углеводородов."
49,Год з�,"Признак: «Год з⾸»

Описание: Год закладки керна — дата отбора образца породы или кернового материала в процессе бурения скважины. Единица измерения — календарный год. Признак применяется преимущественно в Каспийском море и служит временным ориентиром для корреляции отложений и определения возраста пород, а также для отслеживания изменений фациальной обстановки и условий осадконакопления. Позволяет оценивать динамику изменения геологической среды и её влияние на формирование нефтегазовых коллекторов. Важность данного показателя заключается в возможности проследить хронологическую последовательность накопления осадочных толщ и выявления зон с потенциальной нефтегазоносностью."
50,Загря,"Признак: Загря

Описание: Загря — комплексный индекс, характеризующий глубину катагенетической преобразованности органического вещества в осадочных породах Каспийского региона. Представляет собой интегральный показатель степени развития катагенеза, включающий температуру, давление и продолжительность процесса. Вычисляется в условных единицах (баллах), отражает потенциальную нефтегазоносность породы. Высокая величина Загря (≥8 баллов) свидетельствует о благоприятных условиях для накопления и сохранения углеводородов."
51,Засол,"Засол (Z%, промилле)
Засол — содержание солей (преимущественно хлоридов натрия и калия) в поровом растворе осадочных пород. Выражается в процентах (%), промилле (‰) или г/л. 

Значение засола является важным индикатором солевого состава подземных вод и отражает литологическую природу и палеогеографические условия образования пород. В контексте нефтегазовой геологии повышенное значение засола часто связано с повышенной плотностью флюида, снижением подвижности нефти и газа, затруднением миграции углеводородов и ухудшением коллекторских свойств породы. Знание засола помогает корректно интерпретировать данные геофизики и гидрохимии, прогнозировать нефтеотдачу пласта и разрабатывать эффективные методы повышения нефтеотдачи."
52,Зона,"Признак: Зона  
Описание: Геологическая зона — это ограниченная область земной коры, характеризующаяся общими признаками литолого-стратиграфической обстановки, фациальной принадлежности и определенными условиями нефтегазоносности. В контексте нефтегазовой геологии Каспийского моря зоны выделяются по наличию характерных комплексов горных пород, содержащих коллекторы углеводородов, уровню гидрогеохимии, условиям накопления и сохранения углеводородов. Обычно выражается словами или номерами (например, Бинагадинская зона). Эта характеристика важна для выявления перспективных площадей и прогноза нефте-газоносности отдельных участков морского шельфа."
53,Зр-ть,"Признак: Зр-ть

Описание: Зр-ть — зрительная толщина продуктивного горизонта, определяемая методами сейсмогеологической интерпретации и отражающая суммарную толщину литологически однородной части коллекторов с хорошими фильтрационно-емкостными свойствами. Единица измерения — метры. Является важным показателем при оценке потенциальных запасов углеводородов и планировании разработки месторождений, позволяя оценить эффективность вскрытия продуктивных пластов и потенциальный дебит скважин."
54,Истoчник,"Признак: Источник  
Описание: Источник (SOURCE) — тип геологической структуры, характеризующий локализацию скоплений углеводородов, выделенных в осадочных породах. Обычно представляет собой структурный элемент, связанный с ловушкой углеводородов, такой как антиклиналь, соляной купол или вулканический конус. Важность источника заключается в определении местоположения потенциальных резервуаров нефти и газа, а также степени сохранения углеводородов в результате миграции и накопления. Не измеряется количественно."
55,Источ,"Признак: «Источ»

Описание: «Источник воды — литологическое тело или участок пласта-коллектора, характеризующийся устойчивым водоносным потенциалом и возможностью выхода подземных вод на поверхность или поступления в скважины. Водоносность оценивается величиной дебита источника, измеряемого в кубометрах в сутки (м³/сут). Источники важны для оценки гидрогеологической обстановки района, определения направления фильтрации флюидов и корректировки планов разработки месторождений углеводородов.»

Единицы измерения: м³/сут

Значение для нефтегазовой геологии: Оценка источников позволяет определить условия миграции углеводородов, уточнить местоположение коллекторов и границы зон обводнения месторождения, влияющих на эффективность добычи нефти и газа."
56,Источник,"Признак: Источник
Описание: Геологический источник представляет собой зону или структуру земной коры, содержащую потенциальные запасы углеводородов (нефть, природный газ). В контексте нефтегазовой геологии источниками являются ловушки, резервуары, флюидонасыщенные породы и тектонические элементы, формирующие условия накопления углеводородов. Не измеряется конкретными единицами, однако оценивается через параметры продуктивности, глубины залегания, литолого-стратиграфические особенности и тектоническое строение. Важность признака обусловлена возможностью прогноза перспективной нефтегазоносности исследуемых участков и корректного выбора местоположения разведочных скважин."
57,Источники,"Признак: Источники  
Описание: Геологический признак «Источники» относится к характеристикам коллекторов углеводородов, отражая наличие природных резервуаров, заполненных нефтью, газом или смешанными флюидами. Признак применяется преимущественно в Каспийском море и позволяет оценить запасы углеводородов и потенциальную продуктивность месторождения. Единицей измерения является объемный процент (%). Данный признак играет ключевую роль в прогнозировании нефте- и газонакопления, планировании разработки месторождений и оценке экономической целесообразности освоения участков."
58,Кораб,"Признак: Кораб, м
Описание: Толщина корабля — расстояние между кровлей и подошвой песчаного пласта в метрах, характеризующая толщину продуктивного горизонта. Важный параметр для определения запасов углеводородов и оценки эффективности эксплуатации месторождений, особенно при изучении песчаников с ограниченной мощностью."
59,"Кп,%","Признак: «Кп,%»

Описание: Коэффициент пористости (Кп) — количественная характеристика пустотного пространства породы, выраженная в процентах (%). Представляет собой отношение суммарной открытой пористости породы ко всему её объёму. В нефтегазовой геологии Кп является ключевым показателем для оценки коллекторских свойств горных пород и прогноза запасов углеводородов. Низкий коэффициент пористости (<5–10%) свидетельствует о слабых коллекторах, высокий (≥20–30%) — о хороших условиях накопления нефти и газа."
60,Литол,"Литол (%)
Геологический признак, характеризующий содержание литографических компонентов (литотипов) в горной породе, выраженный в процентах. Включает доли песчаников, алевролитов, аргиллитов, известняков и доломитов, определяющих механические свойства и коллекторские характеристики пород. Важен для анализа пористости, проницаемости и нефтегазоносности отложений."
61,Литология,"Литология
Определение и содержание: Литологический признак отражает тип породы, её минеральный состав, структуру, текстуру и характер слоистости. Применяется для описания строения и состава осадочных горных пород, имеющих значение для выявления и изучения месторождений нефти и газа.

Единицы измерения: литологическое описание осуществляется качественно (например, песчаник, аргиллит, известняк), реже количественно (в % содержания отдельных минералов).

Значение: Характеристика литологии позволяет определить физические свойства пород (пористость, проницаемость, трещиноватость), их коллекторские качества, потенциальную нефтегазоносность и возможность эффективного дренажа углеводородов. Анализ литологического разреза помогает прогнозировать местоположение продуктивных горизонтов и оптимизировать стратегии разработки месторождений."
62,Мощно,"Признак: Мощность, м  
Описание: Мощность — толщина литолого-стратиграфического комплекса горных пород или отдельного пласта, измеряемая в метрах. Важный индикатор нефте- и газонакопления, отражающий потенциальную продуктивность отложений. Высокая мощность пласта свидетельствует о длительном периоде осадконакопления и увеличенном объеме органического вещества, что способствует накоплению больших запасов углеводородов."
63,Мощность,"**Мощность**

Мощность — это толщина отдельного пласта горных пород или коллектора, измеряемая в метрах (м). В нефтегазовой геологии мощность играет ключевую роль при оценке потенциальной продуктивности отложений, поскольку она определяет объем содержащегося в породе флюида (нефть, газ, вода), доступный для извлечения через скважины. Высокая мощность пласта повышает вероятность наличия промышленных скоплений углеводородов и облегчает разработку месторождения. Мощность часто является одним из основных критериев выбора объектов для дальнейшего изучения и разведки."
64,НПЗ,"Признак: НПЗ (нефтеотдающая зона)

Описание: Нефтеотдающая зона (НПЗ) — количественный показатель, характеризующий объем извлекаемых углеводородов относительно общей нефтенасыщенной толщи коллектора. Выражается в долях (процентах), отражая эффективность процесса добычи нефти из конкретного пласта. 

Единицы измерения: процент (%).

Значение данного показателя важно для прогнозирования потенциальной продуктивности месторождения, определения оптимального режима эксплуатации и выбора наиболее эффективных методов повышения нефтеотдачи.

Расшифровка аббревиатуры: НПЗ = нефтеотдающая зона."
65,Назва,"**Признак:** Назва

**Описание:** 
«Назва» — относительный коэффициент нефтегазонасыщенности коллекторов, выраженный в процентах. Характеризует долю нефтенасыщенных порового пространства породы относительно общего объема пустот коллектора. Применим исключительно к осадочным породам-коллекторам, характеризующимся наличием трещинной, каверновой и поровой флюидонасыщенностью. В нефтегазовой геологии служит индикатором потенциала продуктивности коллектора и степени эффективности эксплуатации месторождений.

**Единица измерения:** %  

**Значение признака:** Высокий уровень показателя («Назва» ≥80–90%) свидетельствует о благоприятных условиях для извлечения углеводородов, низкой — о необходимости доразведки и улучшения охвата добычи."
66,Название,"Название: **Кислотность вод, pH**

Описание: Кислотность воды (pH) — мера активности ионов водорода в растворе, характеризующая уровень кислотности морской воды в пределах от 0 до 14 единиц. В нефтегазовой геологии Каспийского моря используется для определения степени влияния сероводорода и органических соединений, оказывающих влияние на сохранность коллекторских свойств осадочных пород. Низкий pH (<7,0) свидетельствует о высокой коррозионной агрессивности среды, ухудшающей коллекторские свойства пород-коллекторов.

Единицы измерения: **единицы рН (безразмерная величина)**  
Значение менее 7,0 считается кислой средой, приближающейся к нейтральному значению при pH = 7,0.

Важность признака: Определение кислотности водной среды важно для прогноза потенциальной нефтеотдачи пластов, выявления коррозионно-активных зон, выбора методов повышения нефтеотдачи и подбора оборудования для эксплуатации месторождений."
67,Наиме,"Наиме (Naime)  
Наиме — относительный коэффициент нефтеотдачи породы-коллектора, характеризующий эффективность извлечения нефти в условиях конкретного пласта. Выражается в долях единицы (обычно десятичной дробью). Высокое значение Наиме свидетельствует о благоприятных коллекторах, обеспечивающих эффективную добычу нефти. Признак используется для прогнозирования коэффициента нефтеизвлечения и оптимизации разработки месторождений, особенно на стадии проектирования и планирования эксплуатации добывающих объектов."
68,Напра,"Признак: Напра  
Описание: Направление естественного наклона пласта (Напра), измеряемое в градусах относительно горизонтали, отражает положение пластовых слоев в пространстве. Признак применяется преимущественно при интерпретации сейсмических и гравиметрических данных, характеризуя тектоническую обстановку района и распределение резервуаров углеводородов. Анализ Напра помогает уточнить геометрию коллекторов, определить возможные направления миграционных путей флюидов и выявить перспективные зоны для разведки и добычи нефти и газа."
69,Направлени,"Признак: Направление,°  
Описание: Угловое направление простирания слоистой структуры горных пород, измеряемое относительно сторон света (север, восток, юг, запад). В нефтегазовой геологии используется для описания ориентировки пластовых флюидов, трассировки коллекторов и оценки структурной геологической модели месторождения. Измеряется в градусах. Определение направления важно для понимания гидродинамических процессов, оптимизации разработки месторождений и прогноза продуктивности скважин."
70,Номер,"Признак: «Номер»
Описание: Нумерация геологических объектов и слоев (коллекторов, пластов, интервалов) позволяет однозначно идентифицировать каждый элемент геологической модели месторождения и обеспечить структурированность данных в базе. Представляется целым числом или последовательностью символов, указывающих уникальный идентификационный номер элемента. Важна для корректной организации и анализа геолого-геофизической информации, управления скважинами и мониторинга процессов разработки месторождений."
71,Обста,"Признак: «Обста»
Описание: Обста — относительная мощность (в процентах) нефтегазонасыщенных пластовых резервуаров относительно общей мощности разреза породы-коллектора. Определяется отношением суммарной толщины насыщенных углеводородами интервалов к общей толщине коллектора, измеряется в процентах (%). Признак применяется для оценки перспектив нефтегазоносности и эффективности разработки месторождений в Каспийском море, позволяя выделить наиболее продуктивные интервалы и прогнозировать потенциальный дебит скважин."
72,Обстановка,"**Признак:** Обстановка  
**Единицы измерения:** Не применяются  
**Определение:** Характеристика литолого-стратиграфической обстановки осадконакопления геологического слоя, отражающая палеотемпературные, палеогидродинамические и палеогеографические условия среды седиментации.  
**Значение:** Важна для понимания особенностей формирования пород-коллекторов, генезиса и миграции углеводородов, прогноза продуктивности нефтегазовых объектов. Позволяет установить типы осадков, первичные поровые пространства, оценить перспективы нефтеносности и газоносности.  
**Расшифровка:** Без сокращений"
73,Объем,"Признак: Объем, м³

Описание: Геологический признак «объем» характеризует количественное содержание углеводородов в пласте или коллекторе, выражаемое в кубометрах. Применим для оценки потенциальных запасов нефти и газа, используемых при планировании разработки месторождений и подсчете ресурсов. В нефтегазовой геологии объем служит одним из основных критериев прогноза коммерческой продуктивности месторождения.

Единица измерения: метр кубический (м³).

Значение признака важно для расчета извлекаемых запасов, экономической эффективности проекта освоения и принятия решений о рентабельности разработки месторождения."
74,Обьем,"Объем — количественная характеристика массы или объема породы-коллектора, вмещающей флюиды (нефть, газ), выраженная в кубических метрах (м³). Применим преимущественно к коллекторам порового типа, характеризует размеры нефтенасыщенных и газонасыщенных интервалов разреза. В рамках анализа нефтегазоносности позволяет оценить потенциальный запас углеводородов, степень заполнения порового пространства коллектором и прогнозировать эффективность разработки месторождения."
75,Отдел,"Отдел — структурная единица стратиграфической шкалы, отражающая определенный этап геологической истории Земли, характеризующийся единством литолого-петрографических признаков осадочных толщ и последовательностью накопления отложений. В нефтегазовой геологии отдел соответствует интервалу отложений определенной временной протяженности, объединяющий несколько свит и горизонтов. Термин часто используется совместно с системой и ярусом, образуя трехчленную иерархию геологических подразделений (система → отдел → ярус). Не имеет единиц измерения. Признак необходим для классификации и корреляции разрезов, определения возраста и реконструкции палеогеографической обстановки региона, что важно для прогноза нефтегазоносности."
76,Палео,"Признак: «Палео»

Описание: «Термин „палео“ обозначает ископаемые остатки древних организмов (фоссилии), обнаруженные в осадочных породах и отражающие палеогеографические условия прошлых эпох. В нефтегазовой геологии изучаются палеонтологические признаки для определения возраста отложений, палеоклиматических особенностей региона, реконструкции палеорельефа дна и прогнозирования условий накопления углеводородов. Определение возраста пород позволяет корректно интерпретировать последовательность седиментационных событий и корректно оценивать перспективы нефтегазоносности исследуемого района.»

Единицы измерения: Не используются напрямую, применяется стратиграфическая шкала времен (млн лет назад).  
Значение признака важно для: определения геологической истории региона, оценки потенциала нефте- и газонакопления, выбора перспективных направлений поисковых работ."
77,Пласт,"Пласт
Определение пласта — природного резервуара горных пород, содержащего нефть, газ или конденсат, ограниченного сверху и снизу непроницаемыми покрышками. В нефтегазовой геологии пласт измеряют толщиной в метрах (м), пористостью (%), проницаемостью (мД), насыщенностью нефтью или газом (%). Характеристики пласта определяют потенциальную продуктивность месторождения и возможность эффективного извлечения углеводородов. Правильная интерпретация свойств пласта является ключевым фактором при выборе стратегии разработки и бурения месторождений."
78,Платф,"Платф (плита, платформа) — горизонтально залегающий слой породы толщиной до нескольких метров, часто приуроченный к отложениям платформенного типа (например, известняки, доломиты). Платфы являются типичными элементами осадочных бассейнов, включая Каспийское море, где служат ловушками углеводородов благодаря своей плотному строению и низким проницаемостям боковых пород. Важность платф обусловлена возможностью образования ловушек нефти и газа, наличием мощных коллекторов над ними и использованием их в качестве сейсмогеологических маркеров для поиска месторождений. Не измеряется в конкретных единицах."
79,Пленк,"Признак: Пленк (Пл%)
Описание: Пленковый индекс (Пл%), характеризующий отношение эффективной толщины нефтенасыщенной части пласта к общей мощности насыщенного интервала, является важным показателем распределения углеводородов внутри коллектора. Расчет выполняется в процентах и отражает долю эффективной нефтенасыщенной толщи относительно всей исследуемой области коллектора. Пл% применяется для оценки продуктивности и потенциальной добычи углеводородов, позволяет оптимизировать выбор участков для разработки месторождений и прогнозировать извлекаемые запасы."
80,Площа,"Признак: «Площа»

Описание: Площадь распространения геологического элемента или тела, определяемая на карте или разрезе площади контакта двух литотипов, фаций или структурных элементов. Единицы измерения — квадратные километры (км²). Площадной анализ широко применяется в нефтегазовой геологии для изучения распространения коллекторов, нефтегазонакопительных ловушек и прогноза перспектив нефтегазоносности регионов, особенно на шельфовых акваториях, таких как Каспийское море."
81,Площадь,"Признак: Площадь, км²  
Описание: Геологическая площадь — это измеренная территория распространения конкретного геологического тела или слоя в пределах изучаемой области. В нефтегазовой геологии применяется для описания размеров нефтегазовых структур, резервуаров или потенциальных ловушек углеводородов. Обычно выражается в квадратных километрах (км²).  
Единицы измерения: км²  
Значение: Позволяет оценить масштаб распространенности и потенциальную продуктивность исследуемых объектов, а также определить целесообразность проведения дальнейших работ, связанных с разведкой и добычей углеводородов."
82,Порст,"Признак: Порст

Описание: Пористость породы (Порст) — относительная характеристика, отражающая объем порового пространства в горной породе, доступного для насыщения флюидами (нефтью, газом, водой). Выражается в долях единицы (процентах, десятичных дробях), где значение 100% соответствует полному заполнению пор жидкостью или газом. Для нефтегазовых объектов значимые пористые коллекторы имеют пористость свыше 10–15%. Оценка пористости необходима для прогноза продуктивности коллектора, расчета запасов углеводородов и выбора оптимальных методов разработки месторождений."
83,Профи,"Признак: «Профи»

Описание: Профильность геологического разреза, характеризующая пространственное распределение мощности, типа, состава и степени литификации осадочных отложений вдоль заданной линии профиля. Выражается в процентах относительно общей длины профиля. Признак применяется преимущественно в структурно-геологическом анализе и служит основой для выделения перспективных зон нефтегазонакопления, построения структурных карт и интерпретации сейсмогеологических моделей.

Единица измерения: % 

Значение: отражает особенности строения пластового комплекса, его потенциальную нефтегазоносность и эффективность разведки месторождений.

Важность: профильный разрез позволяет точно оценить геометрию и конфигурацию ловушек, уточнить прогнозируемые запасы углеводородов и оптимизировать стратегию бурения."
84,Профиль,"Признак: «Профиль»

Описание: Геологический профиль — вертикальное сечение разреза земной коры, отображающее изменение литологического состава, мощностей, фаций и структурно-тектонических элементов вдоль выбранной линии местности или карты. В нефтегазовой геологии профили служат основой для изучения стратиграфии, расчёта глубин залежей, построения моделей резервуаров и прогноза нефте-газоносности. Профили измеряются в метрах или километрах, часто используются цифровые модели рельефа и глубин (ЦМРД).

Значение: Профиль позволяет определить последовательность отложений, выделить перспективные зоны накопления углеводородов, выявить коллекторы и покрышки, а также оценить возможности разведки и разработки месторождений. 

Расшифровка аббревиатуры отсутствует."
85,Разл.,"Разл. — Разделение пласта
Разделительная поверхность между двумя смежными геологическими слоями, фиксирующая границу литолого-стратиграфической несогласованности, размыв или перерыв осадконакопления. Выражается в единицах глубины (метры). Характеризует разрывность разреза, определяет особенности седиментационных процессов и условия сохранения нефтегазовых коллекторов. Важна для расчленения разрезов, выявления зон тектонических нарушений и прогнозирования перспектив нефтегазоносности."
86,Регио,"Признак: Регио
Описание: Регион нефтегазоносности — структурно-геологическое подразделение земной коры, характеризующееся единым типом ловушек углеводородов, общими условиями накопления и сохранения нефти и газа, а также наличием продуктивных горизонтов, связанных общей историей осадконакопления и тектонического развития. Обычно измеряется в условных единицах или географическими границами. Определение региона помогает прогнозировать размещение перспективных объектов добычи углеводородов и оптимизировать стратегию разведки и разработки месторождений."
87,Регион,"Признак: Регион  
Описание: Регион — категория геологической среды, объединяющая группы смежных месторождений или перспективных участков Каспийского моря, характеризующаяся общими природными условиями, геологическим строением и литолого-стратиграфическими особенностями. Важен для оценки региональной нефтегазоносности, выявления закономерностей распределения углеводородов и прогноза продуктивности новых площадей. Не имеет единиц измерения."
88,"Рпл, М","Признак: Рпл, М  
Описание: Рпл (реликтовая пластовая температура) — показатель исторической максимальной температуры, достигавшейся флюидами в коллекторах после формирования углеводородной залежи. Единица измерения — °C. Важен для понимания условий миграции и накопления углеводородов, оценки первичной и вторичной нефтегазоносности, прогноза сохранения качества запасов и оптимальных методов разработки месторождений."
89,Св УВ,"Св УВ — Степень насыщенности порового пространства углеводородами (%). 
Показатель отражает объем нефти или газа, присутствующих в пустотах породы относительно общего объема порового пространства. Измеряется в процентах. Высокая Св УВ свидетельствует о высокой потенциальной нефте- или газонасыщенности пласта, является ключевым параметром при оценке перспективности месторождения и выборе стратегии разработки."
90,Св г.,"Св г. — коэффициент вторичных преобразований горной породы (свободная вода/общая вода), измеряется в процентах (%). Характеризует степень насыщенности порового пространства породы свободными водами относительно общей воды, включая капиллярную и пленочную воду. Важен для оценки фазового состояния флюидов, выявления зон с возможной гидродинамической связью между коллекторами и водоносными горизонтами, а также прогноза изменения пластовых давлений и характера фильтрации флюидов."
91,Св н.,"Признак: «Св н.»
Описание: Структурно-временная характеристика формаций («Св н.»), определяющая положение пласта относительно стандартных горизонтов разрезов региона. Указывается в условных единицах счета (обычно сотые доли стратиграфической шкалы). Признак необходим для корректной корреляции слоев, определения возраста и подсчета интервалов нефтеносности в Каспийском море."
92,Свита,"Свита — это однородный по литологическому составу и условиям накопления слой горных пород, характеризующийся определённым комплексом отложений и возрастом. В нефтегазовой геологии свиты используются для разделения разрезов на временные интервалы и отражают специфические условия осадконакопления и палеогеографические обстановки. Размер свит варьируется от нескольких метров до сотен метров, измеряется в метрах. Свиты важны для изучения истории осадочных бассейнов, выявления потенциальных коллекторов и зон нефте- и газонакопления, а также определения границ перспективных нефтегазовых месторождений."
93,Систе,"Признак: «Систе»
Описание: Структурно-стратиграфический элемент (Систе), представляющий собой подразделение стратиграфической шкалы и используемый для классификации осадочных толщ. Включает группы и свиты, характеризующиеся общими условиями накопления осадков и тектоническим развитием региона. Единицей измерения является условная стратиграфическая единица («система», «отдел», «ярус»). Важность данного признака обусловлена возможностью выявления закономерностей распределения углеводородов в разрезе и прогноза нефтегазоносности территорий."
94,Система,"Система (сист.)  
Определение: Геологическая система — комплекс последовательно залегающих, генетически связанных друг с другом отложений определенной толщи, характеризующийся общими литолого-стратиграфическими признаками и одинаковым возрастом.  
Единицы измерения: Не применяются  
Значение: Признак используется для описания стратиграфической позиции и возраста отложений, что важно для корреляции разрезов, выявления зон тектонических нарушений и оценки потенциальной нефтегазоносности пластов.  
Важность: Система позволяет структурировать разрезы осадочных пород, определять палеогеографические условия накопления осадков и прогнозировать наличие перспективных коллекторов и ловушек углеводородов."
95,Сорг,"Признак: «Сорг, %»
Описание: Содержание органического углерода (Сорг), выраженное в процентах (%). Характеризует количество органического вещества в породе, имеющего потенциал генерировать углеводороды (нефть, природный газ). Повышенные значения Сорг (обычно ≥0.5–1.0%) свидетельствуют о высоком потенциальном нефтеотдаче отложений, что важно для прогноза нефтегазоносности участков и выбора перспективных объектов разведки и добычи."
96,Танке,"Признак: Танке (Tanke)

Описание: Танке — относительная глубина стратиграфической несогласованности между нижележащим палеозойским комплексом и верхним мезозойско-кайнозойским осадочным чехлом, измеряемая в метрах. Признак характеризует разрывную тектонику региона и глубину эрозионного среза до начала накопления новых осадков после перерыва в осадконакоплении. Важен для понимания особенностей структурной истории бассейна, прогноза перспектив нефтегазоносности и выбора оптимальной стратегии разведочного бурения.

Единицы измерения: м"
97,Темп,"Признак: Темп  
Описание: Темп — относительная скорость изменения физических свойств горных пород, чаще всего характеризующаяся температурным градиентом в разрезе скважины или литологическом профиле пласта. Выражается в °C/м или °C/100 м и отражает интенсивность теплового воздействия на породы, обусловленного региональными термальными условиями, глубиной залегания и историей тектонического развития района. Важен для определения палеотемператур, прогноза флюидонасыщенности и оценки перспектив нефтегазоносности продуктивных отложений."
98,Тип ф?,"Тип ф?  
Тип фациальной обстановки (типа фаций), характеризующий литолого-фациальную обстановку осадконакопления конкретного геологического слоя или горизонта. Выражается буквенным кодом, отражающим преобладающие природные условия среды седиментации (морские, прибрежные, лагунные, дельтовые, озёрные и др.). Например, тип ф = «МО» обозначает морская обстановка, тип ф = «ДЛ» — дельтовая. Указание типа фаций важно для понимания характера осадочных пород, потенциальной нефтегазоносности и возможностей прогноза коллекторских свойств отложений."
99,Тип флюида,"Тип флюида («FLUID TYPE»)  
Определение: Признак отражает природу содержащегося флюида (нефть, природный газ, конденсат) в изучаемом геологическом слое.  
Единицы измерения: отсутствует (описывается словами).  
Значение: Характеристика позволяет классифицировать породы по типу извлекаемого углеводорода, определять тип коллектора и прогнозировать потенциальную продуктивность скважины.  
Важность: От типа флюида зависят оптимальные методы добычи, оценка запасов и выбор технологии разработки месторождения.  
Расшифровка аббревиатуры: отсутствует"
100,Толщ.,"Признак: «Толщ.»

Описание: Толщина пласта — это расстояние между верхней и нижней границами геологического слоя, измеряемое в метрах (м). В нефтегазовой геологии толщина важна для количественной оценки запасов углеводородов, определения продуктивности коллекторов и прогнозирования распределения резервуаров. Толщина является ключевым параметром при оценке нефтегазоносности и проектировании разработки месторождений.  

Единица измерения: м"
101,Толщи,"**Признак:** Толщи  
**Описание:** 
Толщи — это комплекс пластовых отложений, объединённых общими литолого-стратиграфическими признаками и генетической связью, характеризующийся сходством состава, возраста и фациальной принадлежности. В нефтегазовой геологии толщи рассматриваются как потенциальные нефтегазоносные объекты или коллектора, определяющие объемы запасов углеводородов. Измеряются в метрах (м). Анализ толщ позволяет прогнозировать глубину и объём залежей нефти и газа, определять типы коллекторов и оценивать перспективы разведки месторождений."
102,"Тпл, С","Тпл, °C  
Температура пласта — показатель температурного режима коллектора, характеризующийся температурой жидкости внутри продуктивного горизонта. Измеряется в градусах Цельсия. Температурный режим влияет на фазовое состояние углеводородов, их подвижность и распределение по коллектору, определяя потенциальную продуктивность месторождения. Высокая температура увеличивает эффективность добычи нефти и газа, однако требует учета термических рисков при эксплуатации скважин."
103,Уд. На,"«Уд. На»

Определение: удельное акустическое затухание (уд. На), измеряемое в децибелах (дБ), представляет собой показатель поглощения звуковых волн породой, отражающий её литологическую структуру и пористость.

Применение: служит индикатором свойств горных пород, связанных с нефтегазоносностью, особенно помогает выявлять наличие трещиноватых зон, плотных коллекторов и слоёв, насыщенных нефтью и газом.

Значение: чем больше значение удельного акустического затухания, тем сильнее породы поглощают звуковые волны, указывая на возможное снижение проницаемости коллектора или повышенное содержание жидкости внутри пласта.

Важность: является важным параметром для оценки перспектив нефте- и газонакопления, оптимизации методов бурения и повышения эффективности добычи углеводородов."
104,Фация,"Фация  
Определение: Фация — природная обстановка, характеризующаяся определённым сочетанием литолого-петрографических признаков, фациальной обстановки осадконакопления и климатическими условиями, преобладающими в конкретный период геологической истории.  
Единицы измерения: отсутствуют  
Значение: Фации являются основой для расчленения разрезов горных пород и прогноза нефтегазоносности. Они позволяют выявить закономерности распределения органических остатков, оценить перспективы нефтегазоносности, установить связи между стратиграфическим положением и палеогеографической обстановкой отложений.  
Расшифровка аббревиатуры: отсутствует"
105,Флюид,"Флюид (жидкость/газ)
Определение: Флюидом называют любую подвижную фазу геологической среды, включая нефть, природный газ, воду и их смеси. Представляет собой жидкую или газообразную фазу, находящуюся в поровых пространствах горных пород и заполняющую пустоты коллектора.
Единицы измерения: объемный процент (%), плотность (кг/м³), давление (МПа), температура (°C).
Значение: Флюиды являются основным объектом изучения в нефтегазовой геологии, поскольку именно наличие и состояние флюидов определяют коммерческую ценность геологического разреза и потенциальную продуктивность месторождения. Анализ состава, распределения и движения флюида позволяет прогнозировать местоположение и объемы запасов углеводородов.
Расшифровка аббревиатур отсутствует."
106,Эрате,"Эрате (Erate) — индекс насыщенности глинистых минералов в карбонатной породе, выраженный в процентах (%). Вычисляется отношением количества граммов глинистого минерала (обычно монтмориллонитового типа) к общему весу породы. Эрате применяется для диагностики степени глинизации и изменения литолого-петрографических характеристик осадочных толщ, отражающих миграционные процессы флюидов и изменения палеотемператур. Важный индикатор нефтегазоносности и формационной принадлежности отложений."
107,Эратема,"Эратема — структурно-фациальная единица стратиграфической шкалы Земли, характеризующаяся определённым комплексом отложений и возрастным диапазоном, отражающим глобальные тектонические события и климатические изменения. В Каспийском море применяется для расчленения осадочного чехла региона и привязки нефтегазовых объектов к конкретному этапу геологической истории. Эратема измеряется в млн лет и служит основой для прогноза региональной нефтегазоносности, определения глубины проникновения палеотемператур и возраста потенциальной продуктивности коллекторов."
108,город,"Признак: город  
Описание: Геологический признак «город» применяется в нефтегазовой геологии для обозначения участка морского дна, ассоциированного с наличием подводной городской инфраструктуры, такой как платформы, трубопроводы, обустройства шельфовых месторождений и другие инженерные сооружения. Не является единицей измерения, используется исключительно для идентификации специфичных объектов морской среды. Признак важен для корректного учета техногенных факторов риска, влияния человеческой деятельности на структуру осадочных пород и нефтегазовые коллекторы, а также для предотвращения аварийных ситуаций и экологических последствий."
109,интер,"Интервал, м
Интервал — длина непрерывной части пласта или коллектора между двумя опорными поверхностями, определяемая расстоянием по вертикали в метрах. Важен для расчёта мощности продуктивных горизонтов, прогноза запасов углеводородов и выбора оптимального местоположения буровых работ."
110,прони,"Прони — пористость породы, характеризующая долю пустотного пространства, заполненного флюидами (нефтью, газом, водой). Выражается в процентах (%). Прони влияет на оценку нефте- и газонасыщенности пласта, возможности добычи углеводородов и перспектив коллекторских свойств исследуемого горизонта. Высокая проницаемость (≥20%) способствует эффективной фильтрации флюидов и повышает эффективность разработки месторождений."
111,скв.№,"Признак: скв. №  
Описание: Номер разведочной скважины — уникальный идентификатор, присваиваемый каждой скважине в процессе геологоразведки и эксплуатации месторождений углеводородов. Скважинный номер применяется для систематизации и идентификации объектов исследования и добычи нефти и газа, позволяя отслеживать результаты бурения, параметры пробуренных стволов, глубину и местоположение скважин относительно береговых координат. Не имеет единиц измерения. Является критическим признаком для обеспечения прослеживаемости геологической информации и оперативного управления эксплуатацией месторождения."
112,у,"Признак: «У»
Описание: Статистический коэффициент вариации пористости («У») — числовая характеристика степени рассеяния значений пористости в исследуемом интервале породы. Вычисляется как отношение стандартного отклонения к среднему значению пористости, умноженному на 100%. Единицы измерения отсутствуют. Коэффициент варьирует от 0 до 100%, где высокие значения указывают на неоднородность распределения порового пространства, что важно учитывать при оценке коллекторских свойств пласта и прогнозировании фильтрационно-емкостных характеристик."
113,х,"Признак: «Плотность порового флюида, г/см³»

Описание: Плотность порового флюида — физическая характеристика, отражающая массу жидкости, заполняющей поры горных пород, выраженная в граммах на кубический сантиметр. Применяется для определения гидродинамических свойств коллектора, прогноза поведения флюидов в пласте и оценки фазовых состояний флюидов. Важна для расчета насыщенности коллекторов, определения границ залежей и оптимизации разработки месторождений.

Единицы измерения: г/см³

Значение: высокая плотность свидетельствует о значительном содержании воды, снижая эффективность нефтегазонакопления. Низкая плотность характерна для нефтенасыщенных интервалов, указывая на благоприятные условия накопления углеводородов."
114,№скв,"Признак №скв — номер скважины.

Значение представляет собой уникальный идентификатор буровой скважины, используемый для идентификации конкретной точки наблюдения геологического разреза или коллекторских свойств коллектора. Единицы измерения отсутствуют.

Номер скважины является важным элементом баз данных нефтегазовых месторождений, поскольку позволяет отслеживать результаты геологоразведочных работ, керновых исследований, каротажных данных и пробуренных интервалов. В сочетании с прочими признаками (№пл, глубины, мощности пласта, качества коллектора), он помогает эффективно анализировать геологическое строение региона, прогнозировать нефте- и газонасыщенность и оптимизировать размещение новых скважин."
